# b558 -- the seat's verdicts, conservation_of_spectra (the move: the terminal states `forall s : Z, (1 : Q) ^ s = 1`, T2, its conservation reading carried by the namespace -- THE_LOAD_BEARING_MAP :105, b539; (R168)(2)(b))
# id	verdict	reading   (@MAN = the macro below)
@MAN	names the manuscript's Conservation of Spectra (proved there from Tate's thesis) and claims no compiled content, so the terminal's T2 reading leaves its meaning as it was.
PATHS:27:0	STANDS	@MAN
PATHS:119:20	STANDS	a heading naming the manuscript frame; it claims nothing compiled.
PATHS:291:35	CREDIT	prints the terminal as `forall s : Z, (1 : Q) ^ s = 1` and its conservation reading as a STIPULATION carried by the namespace on 2026-08-09, the reading b539 tiered T2 on 2026-09-25.
SIMP:24:96	STANDS	@MAN
SIMP:32:100	STANDS	a chapter pointer to the manuscript grounding; no compiled claim.
SIMP:254:105	STANDS	a heading naming the manuscript chapter; no compiled claim.
SIMP:256:106	STANDS	@MAN
SIMP:270:107	STANDS	a heading naming the manuscript theorem; no compiled claim.
SIMP:272:108	STANDS	states the manuscript theorem (s-independence on the Tate integral) as a theorem of the text, not of the kernel.
SIMP:321:110	STANDS	@MAN
SIMP:405:112	STANDS	a bibliography line naming the companion paper.
SIMP:405:113	MOVED-IN-MEANING	offers the terminal as a compiled companion of the theorem, and the terminal states only `(1 : Q) ^ s = 1`, whose conservation reading is carried by its name.
SIMP:447:116	MOVED-IN-MEANING	grades the Ch. 5 row "Compiled" for the Conservation of Spectra theorem, and the terminal it cites states `(1 : Q) ^ s = 1` (T2), the companions T2b DEFINITIONAL and T1 alone substantive.
SURR:39:134	STANDS	names the monograph's discharge argument for the premise; no compiled claim.
SURR:57:136	STANDS	a heading of the manuscript argument ("unconditional" is the text's own claim, not a compiled one).
SURR:59:137	MOVED-IN-MEANING	calls the terminal a compiled companion of the Conservation of Spectra result, and the terminal states `(1 : Q) ^ s = 1`, T2.
SURR:78:138	STANDS	a formation-count cell citing the manuscript section; no compiled claim.
SURR:178:146	CREDIT	distinguishes the three terminals by strength and prints `conservation_of_spectra` as `(1 : Q) ^ s = 1`, a STIPULATION carried by the namespace, on 2026-08-09, the reading b539 tiered T2 on 2026-09-25.
RCURVE:234:210	STANDS	@MAN
RCURVE:394:223	STANDS	a heading naming the manuscript connection; no compiled claim.
RCURVE:396:224	STANDS	@MAN
RCURVE:440:226	STANDS	a bibliography line naming the companion paper.
FOUND:26:302	MOVED-IN-MEANING	says Spectral Inertness is formally verified in Lean 4 against Mathlib through this terminal, which states `(1 : Q) ^ s = 1` and mentions no Euler product and no zeta.
FOUND:455:320	MOVED-IN-MEANING	says SIDE-kernel v1.2 provides Conservation of Spectra (n4 = 0) via the terminal, which states `(1 : Q) ^ s = 1`, T2.
FOUND:563:323	MOVED-IN-MEANING	says Conservation of Spectra (n4 = 0) is supplied via the terminal, which states `(1 : Q) ^ s = 1`, T2.
FOUND:626:329	MOVED-IN-MEANING	directs the reader to cite `conservation_of_spectra` for the arithmetic s-darkness content, and that terminal states `(1 : Q) ^ s = 1`, so the content is in neither model.
FOUND:627:330	MOVED-IN-MEANING	directs the reader to cite `conservation_of_spectra` for the arithmetic s-darkness content, and that terminal states `(1 : Q) ^ s = 1`, so the content is in neither model.
FOUND:628:331	MOVED-IN-MEANING	directs the reader to cite `conservation_of_spectra` for the arithmetic s-darkness content, and that terminal states `(1 : Q) ^ s = 1`, so the content is in neither model.
FOUND:634:336	MOVED-IN-MEANING	grades Spectral Inertness / Conservation "DERIVES -- Compiled" at the terminal, which states `(1 : Q) ^ s = 1`, T2.
FOUND:653:337	MOVED-IN-MEANING	records the content as resident at `conservation_of_spectra`, and that terminal states `(1 : Q) ^ s = 1`, T2.
SILENCE:109:372	STANDS	@MAN
LIC:59:375	STANDS	names the manuscript's Conservation of Spectra (from Tate) among the classification theorems; no compiled claim for it.
EDIFF:97:421	STANDS	a table cell naming the manuscript source; no compiled claim.
EDIFF:199:429	STANDS	a bibliography line naming the companion paper.
ENUMERA:71:445	STANDS	a manuscript status ("proved"); no compiled claim.
ENUMERA:531:447	STANDS	a manuscript status cell (PROVED); no compiled claim.
ENUMERA:742:449	STANDS	a manuscript status cell ([PROVED]); no compiled claim.
ENUMERA:823:450	STANDS	@MAN
ENUMERA:942:453	STANDS	@MAN
ENUMERA:982:456	STANDS	a manuscript status cell ([PROVED]); no compiled claim.
MONO:103:460	MOVED-IN-MEANING	calls n4 = 0 via Conservation of Spectra "Lean-verified", and the Lean terminal states `(1 : Q) ^ s = 1`, its conservation reading carried by the name.
MONO:531:464	STANDS	@MAN
MONO:757:465	STANDS	a chapter heading; no compiled claim.
MONO:763:466	STANDS	@MAN
MONO:808:467	STANDS	a manuscript table cell; no compiled claim.
MONO:857:469	STANDS	@MAN
MONO:895:470	STANDS	@MAN
MONO:927:471	STANDS	@MAN
MONO:991:472	STANDS	@MAN
MONO:1006:473	MOVED-IN-MEANING	calls n4 = 0 from Conservation of Spectra "Lean-verified", and the Lean terminal states `(1 : Q) ^ s = 1`, T2.
MONO:1168:474	STANDS	gives the manuscript's reason for inertness (1^s = 1) and cites no terminal as compiling the conservation reading.
MONO:1179:475	STANDS	a diagram line in a code block; no claim of compilation.
MONO:1204:476	MOVED-IN-MEANING	marks Conservation of Spectra "Proved (ZFC), Lean-verified", and the Lean terminal states `(1 : Q) ^ s = 1`, T2.
MONO:1224:477	STANDS	@MAN
MONO:1303:478	STANDS	@MAN
MONO:1407:479	STANDS	@MAN
MONO:1573:484	STANDS	@MAN
MONO:1599:486	STANDS	separates the manuscript theorem (a certificate) from the premise it motivates; no compiled claim.
MONO:1605:489	STANDS	separates the manuscript theorem (a certificate) from the premise's discharge; no compiled claim.
MONO:1645:492	STANDS	a pointer to the manuscript chapter; no compiled claim.
MONO:1777:503	STANDS	@MAN
MONO:1785:505	STANDS	@MAN
MONO:1793:508	STANDS	separates the manuscript theorem (a certificate) from the premise; no compiled claim.
MONO:1823:519	STANDS	names the manuscript's proof of Conservation of Spectra from Tate's thesis; its Route 3 clause is read under ch_iff_rh.
MONO:1855:520	MOVED-IN-MEANING	says Conservation of Spectra is "verified in Lean", and the Lean terminal states `(1 : Q) ^ s = 1`, T2.
MONO:1902:521	STANDS	@MAN
MONO:1934:522	MOVED-IN-MEANING	marks the s-darkness of the product formula "Proved (ZFC), Lean-verified", and the Lean terminal states `(1 : Q) ^ s = 1`, T2 (b543 read the row STANDS against the RH-anchor, not against this terminal).
MONO:2021:523	STANDS	a glossary line stating the manuscript theorem; no compiled claim.
MONO:2223:535	STANDS	@MAN
MONO:2224:537	MOVED-IN-MEANING	calls Route 3 "Conservation of Spectra via `ConservationBridge.riemann_hypothesis`", compiled with no unproved assertion, and that terminal compiles RH from a premise that is RH restated; the conservation terminal is not in it.
BALPOS:35:552	STANDS	@MAN
BALPOS:144:556	STANDS	names the premise the bench works toward; no compiled claim for the terminal.
BALPOS:646:585	STANDS	a version note naming the premise the bench works toward; no compiled claim.
