# b558 -- the seat's verdicts, h1_complete_at_Phi
# the move: the terminal is SIDE-lv-conservation's (v0.6.0 = c80bdc2), not SIDE-kernel's -- the pin cell rectified at FACES :205 (b547); it certifies the eight coupling facts of Mathlib's `Phi` and nothing about where the zeros are, and h1 and h2 at Phi hold at no s of the strip (THE_LOAD_BEARING_MAP :138, b539; the census, b538).
@TRUE	says h1 is complete at Phi -- the eight coupling facts conjoined -- which the terminal compiles; the sentence stands.
@ONLY	reads h1's completeness as leaving only h2 open, and h1 and h2 at Phi hold at no s of the strip (lv's h2 false at re s <= 1, `mellin_Phi_eq_zero_of_re_le_one`), so the completed h1 leaves no open clause at Phi that could close the strip.
@HIST	records a past edit or version; it reports what was written then and stands as history.
PATHS:45:3	MOVED-IN-MEANING	@ONLY
PATHS:63:12	STANDS	@TRUE
PATHS:255:25	STANDS	@TRUE
PATHS:257:27	MOVED-IN-MEANING	@ONLY
PATHS:294:37	MOVED-IN-MEANING	@ONLY
PATHS:295:39	MOVED-IN-MEANING	@ONLY
PATHS:323:48	MOVED-IN-MEANING	@ONLY
PATHS:324:50	STANDS	grades the h1 bracket closed as "the surround, not RH", which the terminal's T0 reading, saying nothing about the zeros, confirms.
PATHS:332:57	STANDS	counts the surround among the corpus's unconditional results, which the terminal compiles.
SIMP:453:118	MOVED-IN-MEANING	@ONLY
SIMP:471:120	STANDS	@HIST
SURR:37:131	STANDS	cites the terminal at its pin with its profile and grade; the sentence stands.
SURR:130:140	MOVED-IN-MEANING	@ONLY
SURR:184:149	MOVED-IN-MEANING	@ONLY
SURR:191:152	STANDS	lists the pins of the instrument reads, the terminal at v0.6.0 among them; the pin is right.
SURR:197:155	STANDS	@HIST
GRH:143:175	STANDS	@TRUE
GRH:407:195	STANDS	@HIST
GRH:409:198	STANDS	@HIST
RCURVE:357:218	MOVED-IN-MEANING	@ONLY
RCURVE:464:228	STANDS	@HIST
TECHNE:414:359	STANDS	says the surround is machine-checked, which the terminal is; the sentence's composition under h2 is read under h2.
TECHNE:515:363	STANDS	names the terminal among the compiled anchors of an orientation object; it is compiled.
MONO:1808:510	STANDS	@TRUE
MONO:1812:515	STANDS	lists the eight coupling discharges conjoined in the terminal as verified, which they are; the same sentence's "s-darkness of the product formula ... through the conservation certificate" names the conservation terminal without its name or the alias and is not a row of this search.
MONO:2181:525	STANDS	@HIST
BALPOS:23:550	STANDS	@HIST
BALPOS:345:567	STANDS	pins the terminal at SIDE-lv-conservation v0.6.0 among the ARM-2 instruments; the pin is right, and the row's h2 reading is read under h2.
BALPOS:620:580	STANDS	@TRUE
BALPOS:628:583	STANDS	@HIST
FACES:180:707	MOVED-IN-MEANING	pins the terminal at SIDE-kernel v1.5 = 0e5233f, which declares no such name; it is SIDE-lv-conservation's, `CouplingsAtPhi.lean`:418 at v0.6.0 = c80bdc2 (rectified at FACES :205, b547).
