# b558 -- the seat's verdicts, silence_universal
# the move: T2-INTERFACES -- compiled under the programme's own premise `I.is_universal` (the programme-premise clause, FINDINGS :5812, b555); `SIDESilencePrinciple.Universal.silence_universal` absent at the row's pin v0.1.0, declared at 667c254, tagged v0.2.0 this act (FOUNDATIONS :672, b557; (R168)(2)(a)); the universal register R1 as lv states it is false (`not_register1`), the kernel's per-interface lemma untouched (FINDINGS :4794).
@REGS	gathers the universality hypothesis of `silence_universal` with the other registers as one premise, and the census sets them at different depths: R1 false as stated (`not_register1`), R2 RH restated (`ch_iff_rh`), R4 equivalent to RH through `h2_sign_iff_rh`.
@IFACE	names the terminal with its load-bearing universality hypothesis, the reading T2-INTERFACES keeps.
@NAME	names the terminal as a component of the kernel; no claim beyond its existence.
@QUOTE	quotes the deposit's own words as the deposit's; the quotation is accurate and the sentence draws nothing from it.
@HIST	records a past edit or version; it reports what was written then and stands as history.
GRH:141:171	MOVED-IN-MEANING	concludes that no off-line zero exists by an engine that includes `silence_universal`, and that terminal is compiled under the programme's own premise `I.is_universal` (T2-INTERFACES), so the conclusion rests on a premise the programme has still to establish.
GRH:264:186	STANDS	@NAME
GRH:385:191	STANDS	@IFACE
AMC:368:281	STANDS	@NAME
AMC:415:285	STANDS	@IFACE
FOUND:26:301	MOVED-IN-MEANING	calls the universal form `silence_universal` machine-verified, and it is compiled under the programme's own premise `I.is_universal` (T2-INTERFACES), whose truth the programme has still to establish.
FOUND:113:310	STANDS	@IFACE
FOUND:457:321	STANDS	@IFACE
FOUND:491:322	STANDS	@IFACE
FOUND:569:326	STANDS	@NAME
FOUND:625:328	STANDS	@IFACE
FOUND:628:333	MOVED-IN-MEANING	pins `Universal.silence_universal` at SIDE-silence-principle v0.1.0, where it is absent; it is declared at 667c254, tagged v0.2.0 by this act.
MONO:825:468	STANDS	states the terminal as "every universal interface has kappa = 0", the hypothesis inside the statement, which is exact.
MONO:1793:506	STANDS	@IFACE
MONO:2225:540	MOVED-IN-MEANING	@REGS
MONO:2227:541	STANDS	@NAME
BALPOS:72:555	MOVED-IN-MEANING	@REGS
BALPOS:146:557	MOVED-IN-MEANING	@REGS
BALPOS:553:575	MOVED-IN-MEANING	@REGS
FACES:103:703	STANDS	@QUOTE
LEDGER:16:718	STANDS	states R1 as the deposit names it, compiled as STRUCTURE only; it draws nothing from it.
IDC:3021:810	STANDS	@QUOTE
