# b558 -- the seat's verdicts, T3doubleprime_general_commutation_fails
# the move: T2 -> T0 -- a compiled negative about Mathlib's `mellin` (two integrands with the same Mellin factor on the half-line that disagree at a point, s = 3), meeting none of the T2 criteria (SIMPLICITY :448, b554); b545's T2 at BALANCE_AND_POSITIVITY :678 superseded (b555).
@NEG	reads the terminal as a compiled countermodel -- the unrestricted commutation false as a theorem -- the reading T0 keeps; its "closes under the shared witness" clause concerns `T3prime_shared_witness` and is read under h2.
PATHS:48:7	STANDS	@NEG
PATHS:71:19	STANDS	@NEG
PATHS:141:21	STANDS	@NEG
PATHS:224:22	STANDS	@NEG
PATHS:244:24	STANDS	@NEG
PATHS:293:36	STANDS	@NEG
PATHS:324:51	STANDS	@NEG
SIMP:315:109	STANDS	@NEG
SIMP:448:117	STANDS	grades the terminal "Compiled (countermodel)", the row b554 read as T0.
SURR:177:145	STANDS	@NEG
GRH:141:173	STANDS	@NEG
GRH:229:181	STANDS	@NEG
INDEX:51:240	CREDIT	reads the countermodel on 2026-08-01 as a statement about Mathlib's Mellin transform -- two integrands with the same non-vanishing Mellin factor on the half-line that disagree at a point, at s = 3 -- the reading b554 tiered T0 against b545's "logic over abstract couplings" (T2), which b555 superseded.
INDEX:371:246	STANDS	@NEG
AMC:251:271	STANDS	@NEG
FOUND:80:306	STANDS	@NEG
BALPOS:245:562	STANDS	a Lean listing inside a code fence, read STANDS by the face's declared rule for code listings.
LEDGER:31:724	STANDS	names the terminal inside the U1 shape row; nothing in it is moved.
