# b558 -- the seat's verdicts, no_type_d_conspiracies
# the move: T2 -- it states `IsEmpty TypeD` over the programme's own `StructuralCoupling` and its modular lift, programme-type whatever its profile (GRH_CASCADE :467, b557, (R167)(1)); at `c66f3c5` it prints `[propext, sorryAx, Quot.sound]` and its file imports Mathlib -- the clean profile is at `a27415d` (ADDITIVE_MULTIPLICATIVE :507, b556).
# THE RULE, applied row by row: MOVED-IN-MEANING when the sentence reads the terminal as a genuine exclusion of additive-multiplicative conspiracies in arithmetic, grades it DERIVES / a derivation-certificate, or gives it "0 sorry, 0 axioms (vanilla Lean 4, no Mathlib)"; STANDS when it names it as the programme's structural exclusion or skeleton, scoped, with the analytic content open.
@GENUINE	reads the terminal as a genuine exclusion of additive-multiplicative conspiracies, and it states `IsEmpty TypeD` over the programme's own couplings (T2, GRH_CASCADE :467), so the arithmetic reading is carried by the programme's definitions.
@DERIVES	grades the terminal DERIVES (clean at `a27415d`), and it is programme-type, T2 whatever its profile (GRH_CASCADE :467, b557).
@VANILLA	gives the terminal "0 sorry, 0 axioms" in vanilla Lean 4 without Mathlib, and at `c66f3c5` it prints `sorryAx` and imports Mathlib; the clean profile is at `a27415d` (ADDITIVE_MULTIPLICATIVE :507, b556).
@STRUCT	names the terminal as the programme's structural exclusion with the analytic content open, the reading T2 keeps.
@HIST	records a past edit or version; it reports what was written then and stands as history.
GRH:38:168	MOVED-IN-MEANING	@GENUINE
GRH:193:180	STANDS	@STRUCT
GRH:248:182	STANDS	@STRUCT
GRH:250:183	STANDS	@STRUCT
GRH:262:185	MOVED-IN-MEANING	@GENUINE
GRH:272:187	STANDS	@STRUCT
GRH:284:189	STANDS	@STRUCT
GRH:314:190	STANDS	@STRUCT
GRH:388:193	MOVED-IN-MEANING	@DERIVES
GRH:393:194	MOVED-IN-MEANING	@DERIVES
GRH:415:200	STANDS	@STRUCT
AMC:25:263	MOVED-IN-MEANING	@VANILLA
AMC:95:265	STANDS	says the terminal survives the correction above it; that stands.
AMC:237:266	MOVED-IN-MEANING	calls the terminal the genuine structural exclusion with no sorry and no axioms in vanilla Lean 4, and it is programme-type (T2) and prints `sorryAx` at `c66f3c5`, where its file imports Mathlib.
AMC:241:267	MOVED-IN-MEANING	@GENUINE
AMC:279:272	MOVED-IN-MEANING	@VANILLA
AMC:291:274	MOVED-IN-MEANING	@VANILLA
AMC:292:276	MOVED-IN-MEANING	@GENUINE
AMC:318:278	STANDS	@STRUCT
AMC:334:279	MOVED-IN-MEANING	@VANILLA
AMC:364:280	MOVED-IN-MEANING	@VANILLA
AMC:404:282	MOVED-IN-MEANING	@DERIVES
AMC:408:284	MOVED-IN-MEANING	@DERIVES
AMC:427:287	STANDS	@HIST
AMC:433:289	STANDS	scopes the compiled classification to finite-modulus couplings only and puts the whole analytic weight in the open density bounds, the reading T2 keeps.
AMC:446:290	MOVED-IN-MEANING	@VANILLA
MONO:1681:499	STANDS	distinguishes the terminal from the inter-class independence result; its point, that the two differ, stands.
