# b558 -- the seat's verdicts, ch_iff_rh (with the ruling's pairing name `ConservationHypothesis` and the ferry's alias "Route 3")
# the move: `ch_iff_rh : conservationHypothesis <-> RiemannHypothesis` (SIDE-explicit-formula 81ae175; b531-b532; the census R2, FINDINGS :4795, b538): ConservationHypothesis is RH restated, so Route 3 formalizes RH => RH (E-2026-09-25-1).
@ROUTE	counts Route 3 among routes to RH or to sigma = 1/2, and its premise `ConservationHypothesis` is RH restated (`ch_iff_rh`), so it formalizes RH => RH.
@PREMISE	presents `ConservationHypothesis` as the programme's one counted premise, open, and `ch_iff_rh` shows it is RH restated, so the premise it names is RH itself.
@REGS	gathers `ConservationHypothesis` with the other registers as one premise, and the census sets them at different depths: R1 false as stated (`not_register1`), R2 RH restated (`ch_iff_rh`), R4 equivalent to RH through `h2_sign_iff_rh`.
@QUOTE	quotes the deposit's own words as the deposit's; the quotation is accurate and the sentence draws nothing from it.
@HIST	records a past edit or version; it reports what was written then and stands as history.
PATHS:59:10	MOVED-IN-MEANING	names Tate's thesis in Lean as what would let `ConservationHypothesis` be discharged rather than assumed, and `ConservationHypothesis` is RH restated (`ch_iff_rh`), so discharging it is proving RH.
PATHS:240:23	CREDIT	cites on 2026-07-17 the load-bearing flag then at FINDINGS :396 (written 2026-05-24, commit 3de3c15; since b143 at archive/2026-08-24-ledger-split/FINDINGS-archive-1-entries-through-2026-08-20c.md:19) -- "RH <-> H", formalizing RH <= H "an equivalence ... not a reduction to a weaker hypothesis", "treating H as weaker than RH re-commits the ConservationHypothesis error" -- the reading `ch_iff_rh` compiled at b531-b532.
PATHS:259:29	STANDS	@HIST
PATHS:297:41	MOVED-IN-MEANING	grades Route 3 INTERFACES on `ConservationHypothesis` as a genuine conditional derivation, and that premise is RH restated (`ch_iff_rh`), so the terminal encodes its conclusion (T2).
PATHS:322:45	MOVED-IN-MEANING	puts Route 3's live mathematics in the open antecedent, and the antecedent is RH restated (`ch_iff_rh`).
PATHS:332:58	MOVED-IN-MEANING	has RH reached conditionally by Route 3, and Route 3's condition is RH restated (`ch_iff_rh`).
SIMP:473:123	STANDS	says the paper cites the Conservation-of-Spectra theorem and not the Route 3 premise, so the premise's change does not fire here; that stands.
SURR:179:147	STANDS	grades the voice identifications; the row claims nothing about Route 3's premise.
TECHNE:414:357	MOVED-IN-MEANING	@ROUTE
MONO:117:462	STANDS	names the three route terminals and their profiles, the wording E-2026-09-25-1's replacement adopts; it claims no route to sigma = 1/2.
MONO:1530:480	STANDS	reports the route terminals' compilation at zero `sorry`, which is as stated; it claims no route.
MONO:1567:482	STANDS	describes the Lean chain of Route 3 step by step, accurately; it draws no route to RH from it.
MONO:1573:483	MOVED-IN-MEANING	says three routes compile independently, Route 3 among them, and Route 3's premise is RH restated (`ch_iff_rh`) -- the phrase E-2026-09-25-1 replaced with "three route terminals".
MONO:1599:485	MOVED-IN-MEANING	@PREMISE
MONO:1602:487	STANDS	a Lean listing inside a code fence, read STANDS by the face's declared rule for code listings.
MONO:1630:490	MOVED-IN-MEANING	@ROUTE
MONO:1643:491	STANDS	a file inventory line naming the Route 3 file; no claim.
MONO:1653:493	MOVED-IN-MEANING	@PREMISE
MONO:1653:494	MOVED-IN-MEANING	says Route 3 closes the chain from the premise to `RiemannHypothesis`, and the premise is RH restated (`ch_iff_rh`), so the chain runs from RH to RH.
MONO:1659:495	STANDS	@HIST
MONO:1663:496	STANDS	a pointer to the notes below; no claim.
MONO:1669:497	MOVED-IN-MEANING	@ROUTE
MONO:1685:500	STANDS	says the clean status certifies the implication `ConservationHypothesis -> RiemannHypothesis` and nothing more, which is exact.
MONO:1708:502	MOVED-IN-MEANING	reports the method's continuation aimed at the Route 3 interface with a goal state pinned, and that interface is RH restated (`ch_iff_rh`) while the goal state is vacuous on the strip.
MONO:1793:507	MOVED-IN-MEANING	@REGS
MONO:1823:516	MOVED-IN-MEANING	@ROUTE
MONO:1823:518	MOVED-IN-MEANING	calls Route 3's hypothesis the one open premise of §27.3, and it is RH restated (`ch_iff_rh`).
MONO:2179:524	STANDS	@HIST
MONO:2224:536	MOVED-IN-MEANING	@ROUTE
MONO:2225:539	MOVED-IN-MEANING	@REGS
MONO:2233:542	MOVED-IN-MEANING	says the kernel verifies that the conservation interface yields the same conclusion, and that interface is RH restated (`ch_iff_rh`), so the conclusion is its premise.
MONO:2243:545	MOVED-IN-MEANING	@ROUTE
BALPOS:72:553	MOVED-IN-MEANING	@REGS
BALPOS:146:558	MOVED-IN-MEANING	@REGS
BALPOS:346:569	STANDS	@HIST
BALPOS:553:576	MOVED-IN-MEANING	@REGS
FACES:103:702	STANDS	@QUOTE
FACES:104:704	STANDS	@QUOTE
LEDGER:17:719	STANDS	states R2's premise as the deposit names it and draws no RH from it.
LEDGER:487:747	STANDS	records the converse and the equivalence compiled as `ch_iff_rh`, the move itself.
IDC:3021:809	STANDS	@QUOTE
