# b558 -- the seat's verdicts, e_difficulty
# the move: its statement at the current tag v1.7 differs from the v1.1 form the E_DIFFICULTY bullet states (E_DIFFICULTY :244, b557); repaired at v1.4 to read its system and extract the Ostrowski (the repair note, 2026-08-08); T2.
@V14	describes the terminal in its repaired form -- it reads its system and extracts the domain-Ostrowski -- which is the form the move carries forward.
@HIST	records a past edit or version; it reports what was written then and stands as history.
AMC:247:268	STANDS	@V14
FOUND:26:303	STANDS	describes the de-vacuified terminal at v1.4 as it is; its "E-Difficulty Theorem is kernel-verified" is read by FOUNDATIONS' own tier block, which grades the full analytic form T4 (:639).
FOUND:302:311	STANDS	points to the profiles in the Correspondence table; no other claim.
FOUND:302:313	STANDS	@HIST
FOUND:453:319	STANDS	@V14
FOUND:563:324	STANDS	@V14
FOUND:621:327	STANDS	@HIST
FOUND:633:335	STANDS	grades the v1.4 terminal DERIVES with its repaired reading, the row b557 carried at T2.
TECHNE:509:361	STANDS	names the v1.4 terminal as a compiled specimen, the row b557 carried at T2.
INVAR:293:388	STANDS	calls the equivalence's structural skeleton compiled and its full dichotomy a conjecture, the reading T2 keeps.
INVAR:317:389	STANDS	@V14
INVAR:471:394	STANDS	calls the skeleton compiled and the full dichotomy research-reach, the reading T2 keeps.
INVAR:504:400	STANDS	grades the v1.7 terminal a compiled skeleton that reads its system, the row b557 carried.
INVAR:536:407	STANDS	@HIST
EDIFF:8:420	STANDS	@HIST
EDIFF:160:422	STANDS	@HIST
EDIFF:160:424	STANDS	@V14
EDIFF:164:426	MOVED-IN-MEANING	states the terminal in its v1.1 form -- for systems with classes >= 1, IsDecidable iff Nonempty (DomainOstrowski) -- and at the current tag v1.7 its statement differs (the v1.4 repair reads the system).
EDIFF:171:427	STANDS	@HIST
