# b558 -- the seat's verdicts, partialPositivity_finiteRange
# the move: T1-lit, not T4 -- it INTERFACES on `ExplicitFormulaDecomp` (Bombieri-Lagarias) and `TailBoundPremise` (Voros), literature theorems not compiled, and on the numerical `VerifiedZerosTo T` (THE_LOAD_BEARING_MAP :144, b540; the bank tier T4 at b539 -> T1-lit from b545).
# THE RULE, applied row by row: MOVED-IN-MEANING when the sentence presents the finite-range positivity as proved or certified outright, naming none of its premises; STANDS when it names the premises or the INTERFACES grade, or only cites the terminal, its pin or its compiled profile.
@OUTRIGHT	presents lambda_n >= 0 up to N0(T) as proved or certified outright, and the terminal proves it only under two uncompiled literature premises (Bombieri-Lagarias, Voros) and verified zeros -- T1-lit.
@IFACE	grades or describes the terminal as INTERFACES on its named premises, the reading T1-lit keeps.
@HIST	records a past edit or version; it reports what was written then and stands as history.
PATHS:46:5	MOVED-IN-MEANING	@OUTRIGHT
PATHS:57:9	STANDS	names the two literature premises as the Mathlib theorems still to be built, the reading T1-lit keeps.
PATHS:67:15	MOVED-IN-MEANING	@OUTRIGHT
PATHS:261:31	STANDS	cites the terminal at its pin; the sentence stands.
PATHS:267:33	STANDS	@HIST
PATHS:304:44	STANDS	@IFACE
PATHS:325:52	STANDS	names discharging the tail premises as Mathlib theorems as the step, the reading T1-lit keeps.
PATHS:336:61	STANDS	reports a read of the terminal against its actual hypotheses; the sentence stands.
PATHS:359:62	STANDS	says the finite range becomes unconditional only when the premises are discharged, and the tail's closure is RH; the reading T1-lit keeps.
PATHS:379:63	MOVED-IN-MEANING	calls the finite-range positivity "proven in-kernel", and the terminal proves it only under two uncompiled literature premises and verified zeros (T1-lit).
PATHS:450:66	MOVED-IN-MEANING	@OUTRIGHT
SIMP:446:115	STANDS	@IFACE
SIMP:471:122	STANDS	@HIST
SURR:137:143	STANDS	@IFACE
SURR:187:151	STANDS	@IFACE
SURR:191:153	STANDS	lists the terminal at its pin among the instrument reads; the pin is right.
RCURVE:355:217	STANDS	@IFACE
RCURVE:406:225	MOVED-IN-MEANING	@OUTRIGHT
RCURVE:464:229	STANDS	@HIST
AMC:249:270	MOVED-IN-MEANING	calls the terminal the compiled-partial floor of the RH side, and its partial result holds only under two uncompiled literature premises (T1-lit).
AMC:427:288	STANDS	@HIST
TECHNE:513:362	STANDS	names the terminal a compiled anchor, which it is as a theorem; the sentence makes no claim of an unconditional range.
TECHNE:515:364	STANDS	names the terminal among compiled anchors, which it is as a theorem.
MONO:1810:512	MOVED-IN-MEANING	@OUTRIGHT
MONO:2183:527	STANDS	@HIST
MONO:2189:530	STANDS	@HIST
MONO:2249:547	STANDS	grades the terminal COMPILED with its axiom check, which it is as a theorem; the sentence makes no claim of an unconditional range.
BALPOS:23:551	STANDS	@HIST
BALPOS:345:568	STANDS	pins the terminal among the ARM-2 instruments; the pin cell's other readings are read under their own terminals.
BALPOS:354:570	STANDS	names the three inputs the proof runs from -- verified zeros, the Bombieri-Lagarias decomposition and the Voros tail bound -- which are the terminal's premises.
BALPOS:467:573	MOVED-IN-MEANING	@OUTRIGHT
BALPOS:571:578	STANDS	records the terminal as a finite-range interface, the reading T1-lit keeps.
BALPOS:626:582	STANDS	@HIST
LEDGER:27:721	STANDS	names the terminal as R4's finite-range certificate among R4's compiled items; it claims no unconditional range.
LEDGER:240:731	STANDS	names the Li test functions beside the certificate; nothing in it is moved.
LEDGER:274:735	STANDS	quotes the deposit's sentence as the deposit's own, to show its indexing in n; it draws nothing further.
