# b558 -- the seat's verdicts, crt_exhaustiveness
# the move: T2 -- it quantifies over the programme's own structures (the modular lift of `StructuralCoupling`), programme-type whatever its profile (GRH_CASCADE :467, b557, (R167)(1)).
GRH:262:184	MOVED-IN-MEANING	reads the terminal as the engine of a genuine additive-multiplicative conspiracy exclusion, and it states a fact about the programme's own couplings and their modular lift (T2, GRH_CASCADE :467).
GRH:388:192	MOVED-IN-MEANING	grades the row DERIVES through this terminal, and the terminal is programme-type, T2 whatever its profile (GRH_CASCADE :467, b557).
AMC:73:264	STANDS	points to the terminal's description above; no claim.
AMC:291:273	STANDS	includes the terminal in a "0 sorry, 0 axioms" claim that no bank has tested for it at `c66f3c5`; the claim's defect found is `no_type_d_conspiracies`'s and is read there.
AMC:292:275	STANDS	names the terminal as CRT exhaustiveness via periodic lift, the premise of the exclusion; the "genuine" reading is read under `no_type_d_conspiracies`.
AMC:318:277	STANDS	names the terminal in the programme's skeleton; the reading T2 keeps.
AMC:408:283	MOVED-IN-MEANING	grades the row DERIVES through this terminal, and the terminal is programme-type, T2 whatever its profile (GRH_CASCADE :467, b557).
LEDGER:479:745	STANDS	reads the compiled terminal's witness as ranging over one modulus, a class boundary; nothing in the move contradicts it.
