# b558 -- the seat's verdicts, sieve_ceiling
# the move: T2-SHELL -- the base terminal is SCAFFOLDING by its docstring from SIDE-kernel v1.4; the contentful ceiling is `SieveCeilingSemantic.sieve_ceiling_semantic`; the E_DIFFICULTY bullet names it as the ceiling without that note (E_DIFFICULTY :242, b557).
@SCAF	names the base terminal as scaffolding (or SHELL, a work-order) beside the semantic core, the reading T2-SHELL keeps.
@HIST	records a past edit or version; it reports what was written then and stands as history.
FOUND:302:312	STANDS	points to the profiles in the Correspondence table; no other claim.
FOUND:453:318	STANDS	@SCAF
FOUND:563:325	STANDS	@SCAF
FOUND:630:334	STANDS	@SCAF
FOUND:653:338	STANDS	@HIST
INVAR:405:392	STANDS	@SCAF
INVAR:471:395	STANDS	reports the skeleton terminals' profiles; it does not name the base terminal as the ceiling.
INVAR:502:399	STANDS	@SCAF
EDIFF:160:423	STANDS	@HIST
EDIFF:162:425	MOVED-IN-MEANING	names `sieve_ceiling` as the ceiling -- dark-factored proofs cannot reach universal statements -- and from v1.4 the base terminal is SCAFFOLDING by its docstring, the contentful ceiling `sieve_ceiling_semantic`.
EDIFF:171:428	STANDS	@HIST
